Ano,Município,Quantidade produzida (Toneladas),Valor da produção (Mil Reais),Área plantada ou destinada à colheita (Hectares),Área plantada ou destinada à colheita - percentual do total geral (Percentual)
2018,Acorizal (MT),0.0,0.0,0.0,0.0
2018,Alta Floresta (MT),66006.0,79207.0,20002.0,57.51
2018,Alto Araguaia (MT),99830.0,99830.0,31393.0,62.65
2018,Alto Boa Vista (MT),73853.0,66468.0,23671.0,74.92
2018,Alto Garças (MT),306900.0,306900.0,93000.0,67.43
2018,Alto Paraguai (MT),21000.0,20300.0,7000.0,67.59
2018,Alto Taquari (MT),164858.0,164858.0,47373.0,36.79
2018,Apiacás (MT),0.0,0.0,0.0,0.0
2018,Araguaiana (MT),6200.0,6190.0,2000.0,55.87
2018,Araguainha (MT),810.0,810.0,270.0,71.62
2018,Araputanga (MT),1468.0,1663.0,470.0,17.31
2018,Arenápolis (MT),7500.0,7250.0,2500.0,61.91
2018,Aripuanã (MT),3600.0,3359.0,1000.0,14.44
2018,Barra do Bugres (MT),3805.0,3805.0,1087.0,2.11
2018,Barra do Garças (MT),103200.0,103200.0,34400.0,97.91
2018,Barão de Melgaço (MT),0.0,0.0,0.0,0.0
2018,Bom Jesus do Araguaia (MT),360137.0,324123.0,111705.0,72.39
2018,Brasnorte (MT),786480.0,770357.0,226000.0,62.89
2018,Campinápolis (MT),88500.0,88204.0,29500.0,82.98
2018,Campo Novo do Parecis (MT),1322400.0,1255844.0,380000.0,51.14
2018,Campo Verde (MT),693000.0,750748.0,210000.0,53.88
2018,Campos de Júlio (MT),717360.0,686514.0,196000.0,52.82
2018,Canabrava do Norte (MT),115200.0,119040.0,32000.0,65.09
2018,Canarana (MT),841500.0,883575.0,255000.0,77.98
2018,Carlinda (MT),20904.0,20207.0,6700.0,61.09
2018,Castanheira (MT),0.0,0.0,0.0,0.0
2018,Chapada dos Guimarães (MT),95434.0,81945.0,25668.0,49.9
2018,Cláudia (MT),313844.0,282460.0,93406.0,60.75
2018,Cocalinho (MT),21900.0,21170.0,7300.0,85.88
2018,Colniza (MT),0.0,0.0,0.0,0.0
2018,Colíder (MT),40000.0,39600.0,11696.0,64.99
2018,Comodoro (MT),252000.0,259701.0,75000.0,60.38
2018,Confresa (MT),136768.0,141326.0,37991.0,65.17
2018,Conquista D'Oeste (MT),15114.0,14464.0,4580.0,69.66
2018,Cotriguaçu (MT),1080.0,1008.0,300.0,7.13
2018,Cuiabá (MT),0.0,0.0,0.0,0.0
2018,Curvelândia (MT),0.0,0.0,0.0,0.0
2018,Cáceres (MT),32656.0,36772.0,8004.0,60.28
2018,Denise (MT),7380.0,7380.0,2050.0,3.57
2018,Diamantino (MT),1091880.0,1090133.0,337000.0,56.64
2018,Dom Aquino (MT),159000.0,172515.0,50000.0,58.18
2018,Feliz Natal (MT),410400.0,355406.0,120000.0,58.95
2018,Figueirópolis D'Oeste (MT),0.0,0.0,0.0,0.0
2018,Gaúcha do Norte (MT),579120.0,295351.0,190000.0,82.55
2018,General Carneiro (MT),206539.0,212390.0,57372.0,62.68
2018,Glória D'Oeste (MT),0.0,0.0,0.0,0.0
2018,Guarantã do Norte (MT),36000.0,32040.0,12000.0,54.78
2018,Guiratinga (MT),227700.0,248573.0,69000.0,67.48
2018,Indiavaí (MT),0.0,0.0,0.0,0.0
2018,Ipiranga do Norte (MT),739200.0,695262.0,220000.0,63.82
2018,Itanhangá (MT),296400.0,279831.0,95000.0,67.97
2018,Itaúba (MT),151680.0,136512.0,48000.0,66.32
2018,Itiquira (MT),561600.0,570962.0,180000.0,61.76
2018,Jaciara (MT),168606.0,184062.0,49300.0,58.2
2018,Jangada (MT),2244.0,2105.0,680.0,50.26
2018,Jauru (MT),0.0,0.0,0.0,0.0
2018,Juara (MT),130200.0,114576.0,42000.0,61.12
2018,Juruena (MT),1800.0,1679.0,500.0,19.39
2018,Juscimeira (MT),95700.0,104473.0,29000.0,64.17
2018,Juína (MT),25440.0,24600.0,8000.0,48.88
2018,Lambari D'Oeste (MT),2970.0,3053.0,900.0,7.51
2018,Lucas do Rio Verde (MT),772800.0,735087.0,230000.0,51.96
2018,Luciara (MT),5724.0,5152.0,1800.0,72.58
2018,Marcelândia (MT),173793.0,152938.0,57000.0,66.1
2018,Matupá (MT),117800.0,106020.0,38000.0,62.18
2018,Mirassol d'Oeste (MT),14738.0,16553.0,3582.0,46.69
2018,Nobres (MT),117188.0,115196.0,37440.0,65.97
2018,Nortelândia (MT),66000.0,63800.0,22000.0,77.25
2018,Nossa Senhora do Livramento (MT),6039.0,5882.0,1850.0,51.39
2018,Nova Bandeirantes (MT),60.0,58.0,20.0,1.57
2018,Nova Brasilândia (MT),33120.0,17222.0,12000.0,59.97
2018,Nova Canaã do Norte (MT),128840.0,124546.0,35780.0,76.36
2018,Nova Guarita (MT),21600.0,21744.0,6000.0,51.8
2018,Nova Lacerda (MT),56092.0,52352.0,16406.0,68.76
2018,Nova Marilândia (MT),59400.0,58925.0,18000.0,67.62
2018,Nova Maringá (MT),610200.0,605544.0,180000.0,66.35
2018,Nova Monte Verde (MT),4250.0,4257.0,1343.0,34.16
2018,Nova Mutum (MT),1335600.0,1324381.0,400000.0,59.73
2018,Nova Nazaré (MT),47520.0,48114.0,14400.0,87.72
2018,Nova Olímpia (MT),0.0,0.0,0.0,0.0
2018,Nova Santa Helena (MT),44400.0,39516.0,15000.0,59.68
2018,Nova Ubiratã (MT),1218000.0,1096200.0,350000.0,58.61
2018,Nova Xavantina (MT),180000.0,198000.0,60000.0,78.28
2018,Novo Horizonte do Norte (MT),14850.0,12029.0,5500.0,58.94
2018,Novo Mundo (MT),88560.0,79438.0,27000.0,61.41
2018,Novo Santo Antônio (MT),3432.0,3089.0,1100.0,53.71
2018,Novo São Joaquim (MT),195270.0,201128.0,65090.0,55.17
2018,Paranatinga (MT),748800.0,386006.0,240000.0,84.72
2018,Paranaíta (MT),10795.0,10813.0,3460.0,58.55
2018,Pedra Preta (MT),221639.0,229026.0,65964.0,60.45
2018,Peixoto de Azevedo (MT),44950.0,39107.0,14500.0,47.36
2018,Planalto da Serra (MT),88552.0,46047.0,24598.0,80.58
2018,Poconé (MT),28159.0,27680.0,8020.0,87.93
2018,Pontal do Araguaia (MT),2550.0,2550.0,850.0,51.77
2018,Ponte Branca (MT),540.0,540.0,180.0,75.0
2018,Pontes e Lacerda (MT),53152.0,50866.0,15100.0,52.29
2018,Porto Alegre do Norte (MT),103586.0,107039.0,28774.0,62.64
2018,Porto Esperidião (MT),0.0,0.0,0.0,0.0
2018,Porto Estrela (MT),0.0,0.0,0.0,0.0
2018,Porto dos Gaúchos (MT),526612.0,473951.0,173000.0,63.46
2018,Poxoréu (MT),181260.0,193345.0,57000.0,58.28
2018,Primavera do Leste (MT),890400.0,957180.0,280000.0,63.03
2018,Querência (MT),1176000.0,1176000.0,350000.0,73.84
2018,Reserva do Cabaçal (MT),0.0,0.0,0.0,0.0
2018,Ribeirão Cascalheira (MT),296194.0,307793.0,89756.0,86.95
2018,Ribeirãozinho (MT),75000.0,75000.0,25000.0,72.99
2018,Rio Branco (MT),0.0,0.0,0.0,0.0
2018,Rondolândia (MT),0.0,0.0,0.0,0.0
2018,Rondonópolis (MT),287300.0,359125.0,85000.0,70.39
2018,Rosário Oeste (MT),93534.0,91944.0,26360.0,77.62
2018,Salto do Céu (MT),5029.0,4944.0,1612.0,66.83
2018,Santa Carmem (MT),342000.0,301986.0,100000.0,58.18
2018,Santa Cruz do Xingu (MT),98929.0,102226.0,28428.0,75.41
2018,Santa Rita do Trivelato (MT),501600.0,451440.0,152000.0,58.48
2018,Santa Terezinha (MT),93600.0,96720.0,26000.0,59.73
2018,Santo Afonso (MT),44520.0,44520.0,14000.0,66.23
2018,Santo Antônio do Leste (MT),333900.0,356161.0,105000.0,55.27
2018,Santo Antônio do Leverger (MT),83847.0,71270.0,20920.0,56.74
2018,Sapezal (MT),1235400.0,1158595.0,355000.0,52.19
2018,Serra Nova Dourada (MT),21840.0,19656.0,7000.0,90.91
2018,Sinop (MT),515040.0,454780.0,148000.0,57.36
2018,Sorriso (MT),2232000.0,2008800.0,600000.0,54.87
2018,São Félix do Araguaia (MT),746428.0,671785.0,225507.0,68.79
2018,São José do Povo (MT),0.0,0.0,0.0,0.0
2018,São José do Rio Claro (MT),390000.0,379041.0,120000.0,66.21
2018,São José do Xingu (MT),254520.0,263003.0,70700.0,60.37
2018,São José dos Quatro Marcos (MT),7308.0,8182.0,2100.0,79.4
2018,São Pedro da Cipa (MT),7800.0,8450.0,2500.0,55.38
2018,Tabaporã (MT),445200.0,400680.0,140000.0,55.33
2018,Tangará da Serra (MT),368880.0,338263.0,106000.0,60.0
2018,Tapurah (MT),597600.0,577377.0,180000.0,58.97
2018,Terra Nova do Norte (MT),43689.0,37136.0,14500.0,65.3
2018,Tesouro (MT),68640.0,74932.0,22000.0,63.91
2018,Torixoréu (MT),35790.0,35671.0,11930.0,88.54
2018,União do Sul (MT),192500.0,161700.0,62500.0,69.25
2018,Vale de São Domingos (MT),13200.0,11440.0,4000.0,54.82
2018,Vera (MT),460200.0,402675.0,130000.0,55.68
2018,Vila Bela da Santíssima Trindade (MT),60397.0,56370.0,19600.0,61.05
2018,Vila Rica (MT),129240.0,133548.0,35900.0,69.97
2018,Várzea Grande (MT),0.0,0.0,0.0,0.0
2018,Água Boa (MT),528000.0,552198.0,160000.0,83.47
2019,Acorizal (MT),0.0,0.0,0.0,0.0
2019,Alta Floresta (MT),92156.0,88470.0,25599.0,60.82
2019,Alto Araguaia (MT),122696.0,172388.0,35876.0,64.72
2019,Alto Boa Vista (MT),87180.0,78462.0,27415.0,78.41
2019,Alto Garças (MT),287299.0,404517.0,92083.0,65.7
2019,Alto Paraguai (MT),21000.0,20307.0,7000.0,61.37
2019,Alto Taquari (MT),162464.0,227450.0,47504.0,36.83
2019,Apiacás (MT),0.0,0.0,0.0,0.0
2019,Araguaiana (MT),8201.0,9001.0,2485.0,77.92
2019,Araguainha (MT),2244.0,3142.0,680.0,86.4
2019,Araputanga (MT),0.0,0.0,0.0,0.0
2019,Arenápolis (MT),7500.0,7253.0,2500.0,61.91
2019,Aripuanã (MT),4680.0,4703.0,1500.0,17.99
2019,Barra do Bugres (MT),4040.0,4109.0,1295.0,2.53
2019,Barra do Garças (MT),83267.0,90206.0,26688.0,91.64
2019,Barão de Melgaço (MT),0.0,0.0,0.0,0.0
2019,Bom Jesus do Araguaia (MT),367948.0,336058.0,97341.0,64.29
2019,Brasnorte (MT),772800.0,738542.0,230000.0,59.15
2019,Campinápolis (MT),104400.0,99222.0,29000.0,76.92
2019,Campo Novo do Parecis (MT),1276800.0,1271054.0,380000.0,48.61
2019,Campo Verde (MT),673920.0,739068.0,208000.0,52.88
2019,Campos de Júlio (MT),667590.0,656688.0,202300.0,52.53
2019,Canabrava do Norte (MT),91942.0,95772.0,26420.0,69.28
2019,Canarana (MT),874500.0,904845.0,265000.0,74.03
2019,Carlinda (MT),37768.0,36257.0,10491.0,60.89
2019,Castanheira (MT),0.0,0.0,0.0,0.0
2019,Chapada dos Guimarães (MT),104000.0,103272.0,26000.0,50.17
2019,Cláudia (MT),355736.0,345804.0,103112.0,57.91
2019,Cocalinho (MT),33482.0,36272.0,9790.0,94.68
2019,Colniza (MT),0.0,0.0,0.0,0.0
2019,Colíder (MT),50644.0,48618.0,14068.0,56.93
2019,Comodoro (MT),254400.0,258725.0,80000.0,62.49
2019,Confresa (MT),145080.0,157170.0,37200.0,65.78
2019,Conquista D'Oeste (MT),21103.0,21103.0,5583.0,63.85
2019,Cotriguaçu (MT),936.0,936.0,300.0,6.24
2019,Cuiabá (MT),0.0,0.0,0.0,0.0
2019,Curvelândia (MT),0.0,0.0,0.0,0.0
2019,Cáceres (MT),39287.0,42552.0,11998.0,74.47
2019,Denise (MT),10156.0,10329.0,3255.0,5.66
2019,Diamantino (MT),1138500.0,1100930.0,345000.0,50.31
2019,Dom Aquino (MT),112320.0,122429.0,36000.0,48.92
2019,Feliz Natal (MT),471960.0,482579.0,138000.0,58.01
2019,Figueirópolis D'Oeste (MT),0.0,0.0,0.0,0.0
2019,Gaúcha do Norte (MT),666600.0,661934.0,220000.0,70.46
2019,General Carneiro (MT),179860.0,194848.0,54503.0,63.12
2019,Glória D'Oeste (MT),0.0,0.0,0.0,0.0
2019,Guarantã do Norte (MT),41580.0,40402.0,12600.0,52.25
2019,Guiratinga (MT),227700.0,311038.0,69000.0,65.43
2019,Indiavaí (MT),0.0,0.0,0.0,0.0
2019,Ipiranga do Norte (MT),686400.0,663062.0,220000.0,57.66
2019,Itanhangá (MT),279000.0,265050.0,100000.0,61.94
2019,Itaúba (MT),149424.0,135976.0,48000.0,66.28
2019,Itiquira (MT),594000.0,831600.0,180000.0,60.8
2019,Jaciara (MT),141000.0,152751.0,47000.0,58.46
2019,Jangada (MT),2636.0,2636.0,848.0,54.22
2019,Jauru (MT),0.0,0.0,0.0,0.0
2019,Juara (MT),140800.0,126720.0,44000.0,63.8
2019,Juruena (MT),1650.0,1650.0,500.0,19.23
2019,Juscimeira (MT),85860.0,93587.0,27000.0,59.08
2019,Juína (MT),27360.0,27360.0,8000.0,50.28
2019,Lambari D'Oeste (MT),3402.0,3742.0,900.0,8.28
2019,Lucas do Rio Verde (MT),789600.0,785652.0,235000.0,52.1
2019,Luciara (MT),1908.0,1717.0,600.0,48.98
2019,Marcelândia (MT),201500.0,181350.0,65000.0,71.26
2019,Matupá (MT),135300.0,130789.0,41000.0,51.5
2019,Mirassol d'Oeste (MT),13748.0,14891.0,3420.0,31.38
2019,Nobres (MT),132217.0,135522.0,40770.0,62.82
2019,Nortelândia (MT),81120.0,83824.0,26000.0,65.29
2019,Nossa Senhora do Livramento (MT),1896.0,1896.0,600.0,30.24
2019,Nova Bandeirantes (MT),192.0,186.0,60.0,4.57
2019,Nova Brasilândia (MT),35476.0,35476.0,12670.0,73.06
2019,Nova Canaã do Norte (MT),146267.0,140416.0,39319.0,60.71
2019,Nova Guarita (MT),41400.0,39744.0,11500.0,60.28
2019,Nova Lacerda (MT),66040.0,66040.0,19310.0,73.27
2019,Nova Marilândia (MT),56760.0,54887.0,17200.0,65.81
2019,Nova Maringá (MT),648000.0,625968.0,200000.0,67.02
2019,Nova Monte Verde (MT),4527.0,4364.0,1509.0,47.71
2019,Nova Mutum (MT),1322580.0,1300096.0,402000.0,57.03
2019,Nova Nazaré (MT),49500.0,49418.0,15000.0,81.9
2019,Nova Olímpia (MT),0.0,0.0,0.0,0.0
2019,Nova Santa Helena (MT),79464.0,74299.0,24080.0,67.84
2019,Nova Ubiratã (MT),1275357.0,1281721.0,366482.0,52.18
2019,Nova Xavantina (MT),195000.0,208182.0,65000.0,80.09
2019,Novo Horizonte do Norte (MT),13440.0,12096.0,4200.0,51.14
2019,Novo Mundo (MT),138600.0,127512.0,42000.0,60.12
2019,Novo Santo Antônio (MT),5406.0,4811.0,1700.0,66.02
2019,Novo São Joaquim (MT),196638.0,213024.0,61836.0,53.22
2019,Paranatinga (MT),795600.0,790293.0,260000.0,68.04
2019,Paranaíta (MT),28451.0,27313.0,7923.0,67.29
2019,Pedra Preta (MT),224278.0,250445.0,65964.0,56.94
2019,Peixoto de Azevedo (MT),92800.0,89088.0,29000.0,60.46
2019,Planalto da Serra (MT),81589.0,81018.0,26663.0,90.71
2019,Poconé (MT),26669.0,26482.0,8070.0,90.23
2019,Pontal do Araguaia (MT),2940.0,3185.0,1050.0,54.35
2019,Ponte Branca (MT),353.0,494.0,107.0,64.07
2019,Pontes e Lacerda (MT),72376.0,72376.0,19456.0,57.83
2019,Porto Alegre do Norte (MT),112530.0,116281.0,30250.0,61.43
2019,Porto Esperidião (MT),7965.0,8430.0,2314.0,57.63
2019,Porto Estrela (MT),0.0,0.0,0.0,0.0
2019,Porto dos Gaúchos (MT),589380.0,562858.0,178600.0,58.66
2019,Poxoréu (MT),207360.0,228096.0,64000.0,60.85
2019,Primavera do Leste (MT),842400.0,940683.0,270000.0,61.71
2019,Querência (MT),1101600.0,1046520.0,360000.0,73.53
2019,Reserva do Cabaçal (MT),0.0,0.0,0.0,0.0
2019,Ribeirão Cascalheira (MT),297000.0,262845.0,90000.0,85.03
2019,Ribeirãozinho (MT),67106.0,89922.0,20335.0,68.73
2019,Rio Branco (MT),0.0,0.0,0.0,0.0
2019,Rondolândia (MT),0.0,0.0,0.0,0.0
2019,Rondonópolis (MT),272000.0,380800.0,85000.0,69.46
2019,Rosário Oeste (MT),87524.0,89187.0,25960.0,74.16
2019,Salto do Céu (MT),6732.0,6899.0,1650.0,72.21
2019,Santa Carmem (MT),400200.0,395193.0,115000.0,56.7
2019,Santa Cruz do Xingu (MT),127530.0,132843.0,32700.0,73.81
2019,Santa Rita do Trivelato (MT),499200.0,482227.0,160000.0,57.4
2019,Santa Terezinha (MT),74357.0,78075.0,22130.0,53.79
2019,Santo Afonso (MT),46200.0,47725.0,14000.0,64.58
2019,Santo Antônio do Leste (MT),299880.0,355859.0,98000.0,52.22
2019,Santo Antônio do Leverger (MT),77490.0,76948.0,21000.0,52.99
2019,Sapezal (MT),1192800.0,1177341.0,355000.0,52.67
2019,Serra Nova Dourada (MT),19398.0,17458.0,6100.0,93.06
2019,Sinop (MT),526949.0,523930.0,151422.0,55.54
2019,Sorriso (MT),2141700.0,2165794.0,605000.0,52.01
2019,São Félix do Araguaia (MT),830141.0,747127.0,219614.0,67.31
2019,São José do Povo (MT),0.0,0.0,0.0,0.0
2019,São José do Rio Claro (MT),381600.0,371678.0,120000.0,58.74
2019,São José do Xingu (MT),306720.0,322056.0,85200.0,61.65
2019,São José dos Quatro Marcos (MT),7722.0,8287.0,2200.0,73.07
2019,São Pedro da Cipa (MT),7200.0,8040.0,2000.0,55.34
2019,Tabaporã (MT),499388.0,481490.0,146020.0,56.77
2019,Tangará da Serra (MT),349800.0,348471.0,106000.0,60.24
2019,Tapurah (MT),583200.0,568037.0,180000.0,57.22
2019,Terra Nova do Norte (MT),57040.0,54681.0,17285.0,56.22
2019,Tesouro (MT),89900.0,124062.0,29000.0,70.02
2019,Torixoréu (MT),51979.0,54309.0,16660.0,81.51
2019,União do Sul (MT),195840.0,178214.0,61200.0,58.75
2019,Vale de São Domingos (MT),0.0,0.0,0.0,0.0
2019,Vera (MT),451440.0,442222.0,132000.0,57.86
2019,Vila Bela da Santíssima Trindade (MT),91179.0,91179.0,24750.0,58.75
2019,Vila Rica (MT),141750.0,148838.0,37500.0,68.16
2019,Várzea Grande (MT),0.0,0.0,0.0,0.0
2019,Água Boa (MT),528000.0,484704.0,160000.0,80.55
2020,Acorizal (MT),0.0,0.0,0.0,0.0
2020,Alta Floresta (MT),95940.0,111930.0,26650.0,61.06
2020,Alto Araguaia (MT),120543.0,164541.0,35876.0,64.92
2020,Alto Boa Vista (MT),91584.0,116586.0,28800.0,80.09
2020,Alto Garças (MT),320550.0,435147.0,93728.0,67.18
2020,Alto Paraguai (MT),22680.0,29461.0,7000.0,61.37
2020,Alto Taquari (MT),157381.0,213645.0,47504.0,36.98
2020,Apiacás (MT),0.0,0.0,0.0,0.0
2020,Araguaiana (MT),12754.0,20151.0,3665.0,83.69
2020,Araguainha (MT),2108.0,2833.0,680.0,86.4
2020,Araputanga (MT),0.0,0.0,0.0,0.0
2020,Arenápolis (MT),7750.0,9943.0,2500.0,44.53
2020,Aripuanã (MT),7938.0,10057.0,2100.0,25.28
2020,Barra do Bugres (MT),4636.0,6343.0,1486.0,2.84
2020,Barra do Garças (MT),119265.0,188439.0,33129.0,93.64
2020,Barão de Melgaço (MT),0.0,0.0,0.0,0.0
2020,Bom Jesus do Araguaia (MT),365414.0,465172.0,109242.0,63.31
2020,Brasnorte (MT),855600.0,1074745.0,230000.0,58.56
2020,Campinápolis (MT),109440.0,131328.0,30400.0,78.04
2020,Campo Novo do Parecis (MT),1377060.0,1689845.0,389000.0,49.77
2020,Campo Verde (MT),753810.0,1014312.0,216612.0,54.45
2020,Campos de Júlio (MT),736838.0,887625.0,200500.0,54.04
2020,Canabrava do Norte (MT),87723.0,110089.0,25650.0,66.19
2020,Canarana (MT),940500.0,1108850.0,285000.0,74.34
2020,Carlinda (MT),44550.0,51975.0,13500.0,66.21
2020,Castanheira (MT),0.0,0.0,0.0,0.0
2020,Chapada dos Guimarães (MT),115684.0,146456.0,31266.0,50.6
2020,Cláudia (MT),361080.0,432209.0,102000.0,58.31
2020,Cocalinho (MT),40491.0,63976.0,12270.0,85.92
2020,Colniza (MT),0.0,0.0,0.0,0.0
2020,Colíder (MT),52800.0,61600.0,16000.0,61.04
2020,Comodoro (MT),270600.0,335996.0,82000.0,59.58
2020,Confresa (MT),144150.0,181743.0,38750.0,66.57
2020,Conquista D'Oeste (MT),26339.0,31607.0,6968.0,66.63
2020,Cotriguaçu (MT),2878.0,3646.0,872.0,21.84
2020,Cuiabá (MT),1176.0,1411.0,338.0,35.81
2020,Curvelândia (MT),0.0,0.0,0.0,0.0
2020,Cáceres (MT),49848.0,54002.0,13400.0,77.3
2020,Denise (MT),13070.0,15862.0,4189.0,6.88
2020,Diamantino (MT),1181952.0,1475703.0,345600.0,52.17
2020,Dom Aquino (MT),123120.0,165699.0,36000.0,48.8
2020,Feliz Natal (MT),511200.0,597199.0,142000.0,57.38
2020,Figueirópolis D'Oeste (MT),0.0,0.0,0.0,0.0
2020,Gaúcha do Norte (MT),656659.0,831330.0,205180.0,67.1
2020,General Carneiro (MT),201600.0,318528.0,56000.0,64.2
2020,Glória D'Oeste (MT),0.0,0.0,0.0,0.0
2020,Guarantã do Norte (MT),44800.0,53760.0,14000.0,54.67
2020,Guiratinga (MT),231840.0,299074.0,69000.0,67.73
2020,Indiavaí (MT),0.0,0.0,0.0,0.0
2020,Ipiranga do Norte (MT),783000.0,961681.0,225000.0,54.99
2020,Itanhangá (MT),357840.0,428900.0,105000.0,59.94
2020,Itaúba (MT),168300.0,201960.0,51000.0,61.14
2020,Itiquira (MT),604800.0,789264.0,180000.0,62.4
2020,Jaciara (MT),158536.0,213323.0,45167.0,59.53
2020,Jangada (MT),6780.0,7927.0,2115.0,59.48
2020,Jauru (MT),0.0,0.0,0.0,0.0
2020,Juara (MT),171600.0,205920.0,52000.0,69.93
2020,Juruena (MT),792.0,1003.0,240.0,10.08
2020,Juscimeira (MT),123981.0,167457.0,35423.0,70.98
2020,Juína (MT),34472.0,44814.0,10446.0,55.4
2020,Lambari D'Oeste (MT),3647.0,3951.0,935.0,8.17
2020,Lucas do Rio Verde (MT),874200.0,1091439.0,235000.0,52.5
2020,Luciara (MT),1860.0,2368.0,600.0,70.18
2020,Marcelândia (MT),237600.0,237600.0,66000.0,64.25
2020,Matupá (MT),145800.0,182250.0,45000.0,53.69
2020,Mirassol d'Oeste (MT),11096.0,12021.0,2845.0,28.65
2020,Nobres (MT),149686.0,183934.0,44535.0,63.63
2020,Nortelândia (MT),85800.0,110081.0,26000.0,56.2
2020,Nossa Senhora do Livramento (MT),2016.0,2621.0,600.0,31.38
2020,Nova Bandeirantes (MT),195.0,228.0,61.0,3.89
2020,Nova Brasilândia (MT),19060.0,24778.0,5776.0,55.74
2020,Nova Canaã do Norte (MT),145200.0,169400.0,44000.0,61.27
2020,Nova Guarita (MT),33840.0,39480.0,9400.0,51.19
2020,Nova Lacerda (MT),93925.0,112710.0,26990.0,78.64
2020,Nova Marilândia (MT),59856.0,75823.0,17200.0,74.45
2020,Nova Maringá (MT),664200.0,747225.0,205000.0,62.73
2020,Nova Monte Verde (MT),13680.0,15960.0,3800.0,68.48
2020,Nova Mutum (MT),1433850.0,1827800.0,395000.0,55.03
2020,Nova Nazaré (MT),52800.0,63191.0,16000.0,84.12
2020,Nova Olímpia (MT),0.0,0.0,0.0,0.0
2020,Nova Santa Helena (MT),85800.0,94380.0,26000.0,68.18
2020,Nova Ubiratã (MT),1449360.0,1731985.0,396000.0,50.51
2020,Nova Xavantina (MT),214500.0,257400.0,65000.0,80.46
2020,Novo Horizonte do Norte (MT),19800.0,22968.0,6000.0,55.39
2020,Novo Mundo (MT),165000.0,181500.0,50000.0,67.6
2020,Novo Santo Antônio (MT),3816.0,4858.0,1200.0,57.83
2020,Novo São Joaquim (MT),244592.0,375040.0,70285.0,57.11
2020,Paranatinga (MT),832000.0,1081600.0,260000.0,72.95
2020,Paranaíta (MT),55340.0,64564.0,15372.0,69.7
2020,Pedra Preta (MT),220979.0,299979.0,65964.0,58.37
2020,Peixoto de Azevedo (MT),115500.0,127050.0,35000.0,63.27
2020,Planalto da Serra (MT),112988.0,146884.0,32468.0,82.09
2020,Poconé (MT),32068.0,42201.0,11020.0,90.37
2020,Pontal do Araguaia (MT),5472.0,8646.0,1520.0,74.8
2020,Ponte Branca (MT),342.0,472.0,107.0,64.07
2020,Pontes e Lacerda (MT),92925.0,111510.0,24980.0,64.97
2020,Porto Alegre do Norte (MT),110298.0,137914.0,29650.0,62.91
2020,Porto Esperidião (MT),14160.0,15340.0,3776.0,69.98
2020,Porto Estrela (MT),0.0,0.0,0.0,0.0
2020,Porto dos Gaúchos (MT),611520.0,733824.0,182000.0,56.35
2020,Poxoréu (MT),222720.0,299688.0,64000.0,60.97
2020,Primavera do Leste (MT),894360.0,1203433.0,257000.0,60.77
2020,Querência (MT),1170000.0,1401660.0,360000.0,61.86
2020,Reserva do Cabaçal (MT),0.0,0.0,0.0,0.0
2020,Ribeirão Cascalheira (MT),280500.0,322295.0,85000.0,73.78
2020,Ribeirãozinho (MT),67106.0,92606.0,20335.0,68.73
2020,Rio Branco (MT),0.0,0.0,0.0,0.0
2020,Rondolândia (MT),0.0,0.0,0.0,0.0
2020,Rondonópolis (MT),290700.0,394625.0,85000.0,71.07
2020,Rosário Oeste (MT),101059.0,112175.0,30070.0,73.11
2020,Salto do Céu (MT),0.0,0.0,0.0,0.0
2020,Santa Carmem (MT),414000.0,503697.0,115000.0,56.97
2020,Santa Cruz do Xingu (MT),100800.0,129256.0,28000.0,67.23
2020,Santa Rita do Trivelato (MT),571200.0,694636.0,170000.0,57.03
2020,Santa Terezinha (MT),97920.0,125577.0,27200.0,70.35
2020,Santo Afonso (MT),49014.0,64110.0,14207.0,65.3
2020,Santo Antônio do Leste (MT),328412.0,438758.0,96027.0,49.26
2020,Santo Antônio do Leverger (MT),62787.0,79739.0,17155.0,53.76
2020,Sapezal (MT),1288320.0,1524083.0,352000.0,52.65
2020,Serra Nova Dourada (MT),20670.0,26313.0,6500.0,93.32
2020,Sinop (MT),572375.0,680170.0,151422.0,56.24
2020,Sorriso (MT),2283300.0,2797020.0,590000.0,51.78
2020,São Félix do Araguaia (MT),838056.0,1066845.0,221708.0,67.0
2020,São José do Povo (MT),0.0,0.0,0.0,0.0
2020,São José do Rio Claro (MT),413280.0,504202.0,123000.0,54.42
2020,São José do Xingu (MT),421200.0,550618.0,117000.0,66.0
2020,São José dos Quatro Marcos (MT),8316.0,9009.0,2310.0,73.71
2020,São Pedro da Cipa (MT),6586.0,9089.0,1960.0,59.87
2020,Tabaporã (MT),556320.0,659239.0,152000.0,56.35
2020,Tangará da Serra (MT),372060.0,452797.0,106000.0,58.21
2020,Tapurah (MT),648000.0,797299.0,180000.0,56.25
2020,Terra Nova do Norte (MT),62700.0,65835.0,19000.0,57.22
2020,Tesouro (MT),99180.0,136868.0,29000.0,70.02
2020,Torixoréu (MT),64170.0,90907.0,17825.0,80.33
2020,União do Sul (MT),208000.0,225056.0,65000.0,55.52
2020,Vale de São Domingos (MT),0.0,0.0,0.0,0.0
2020,Vera (MT),539400.0,648175.0,145000.0,56.64
2020,Vila Bela da Santíssima Trindade (MT),122760.0,147312.0,34100.0,63.67
2020,Vila Rica (MT),165750.0,206491.0,42500.0,68.12
2020,Várzea Grande (MT),0.0,0.0,0.0,0.0
2020,Água Boa (MT),640800.0,733716.0,178000.0,84.15
2021,Acorizal (MT),0.0,0.0,0.0,0.0
2021,Alta Floresta (MT),104755.0,260141.0,31744.0,71.72
2021,Alto Araguaia (MT),145052.0,384388.0,42413.0,68.88
2021,Alto Boa Vista (MT),105628.0,236607.0,31437.0,59.17
2021,Alto Garças (MT),320550.0,849458.0,93728.0,68.16
2021,Alto Paraguai (MT),23609.0,58999.0,7287.0,62.31
2021,Alto Taquari (MT),201852.0,534908.0,53400.0,38.66
2021,Apiacás (MT),2228.0,5570.0,675.0,43.52
2021,Araguaiana (MT),13187.0,32968.0,3996.0,83.7
2021,Araguainha (MT),4317.0,11440.0,1107.0,76.13
2021,Araputanga (MT),4832.0,12080.0,1510.0,35.78
2021,Arenápolis (MT),12402.0,30993.0,3900.0,55.6
2021,Aripuanã (MT),10272.0,25505.0,2863.0,28.35
2021,Barra do Bugres (MT),4787.0,11968.0,1496.0,2.61
2021,Barra do Garças (MT),123750.0,309375.0,37500.0,89.82
2021,Barão de Melgaço (MT),0.0,0.0,0.0,0.0
2021,Bom Jesus do Araguaia (MT),400583.0,897306.0,119221.0,72.27
2021,Brasnorte (MT),851453.0,2138382.0,248963.0,63.76
2021,Campinápolis (MT),91200.0,204288.0,30400.0,78.04
2021,Campo Novo do Parecis (MT),1304958.0,3262395.0,371711.0,48.89
2021,Campo Verde (MT),846000.0,2253000.0,235000.0,57.79
2021,Campos de Júlio (MT),735075.0,1886938.0,202500.0,46.67
2021,Canabrava do Norte (MT),103262.0,274856.0,28684.0,74.0
2021,Canarana (MT),1053000.0,2421900.0,300000.0,73.14
2021,Carlinda (MT),43989.0,109973.0,13330.0,64.78
2021,Castanheira (MT),4620.0,11550.0,1400.0,71.57
2021,Chapada dos Guimarães (MT),114621.0,292284.0,31266.0,53.65
2021,Cláudia (MT),336600.0,841416.0,102000.0,59.31
2021,Cocalinho (MT),41250.0,103125.0,12500.0,84.8
2021,Colniza (MT),0.0,0.0,0.0,0.0
2021,Colíder (MT),68034.0,168528.0,19550.0,64.24
2021,Comodoro (MT),281641.0,701849.0,83080.0,61.95
2021,Confresa (MT),200912.0,532417.0,55809.0,74.39
2021,Conquista D'Oeste (MT),29696.0,76230.0,8249.0,70.25
2021,Cotriguaçu (MT),3656.0,9140.0,1108.0,24.22
2021,Cuiabá (MT),1176.0,2940.0,338.0,35.81
2021,Curvelândia (MT),0.0,0.0,0.0,0.0
2021,Cáceres (MT),25466.0,61118.0,7490.0,63.51
2021,Denise (MT),16174.0,40710.0,4828.0,9.51
2021,Diamantino (MT),1315239.0,3350755.0,384605.0,52.64
2021,Dom Aquino (MT),125280.0,333596.0,36000.0,49.33
2021,Feliz Natal (MT),445500.0,1103267.0,136000.0,60.54
2021,Figueirópolis D'Oeste (MT),0.0,0.0,0.0,0.0
2021,Gaúcha do Norte (MT),589669.0,1503656.0,190180.0,66.23
2021,General Carneiro (MT),194040.0,485100.0,58800.0,66.36
2021,Glória D'Oeste (MT),0.0,0.0,0.0,0.0
2021,Guarantã do Norte (MT),45760.0,117512.0,14300.0,53.54
2021,Guiratinga (MT),236640.0,627096.0,68000.0,68.09
2021,Indiavaí (MT),4787.0,11968.0,1496.0,87.54
2021,Ipiranga do Norte (MT),702000.0,1731939.0,225000.0,53.42
2021,Itanhangá (MT),349440.0,856659.0,112000.0,65.13
2021,Itaúba (MT),162600.0,422760.0,54200.0,61.86
2021,Itiquira (MT),615600.0,1631340.0,180000.0,62.78
2021,Jaciara (MT),174000.0,440799.0,50000.0,67.66
2021,Jangada (MT),6800.0,14484.0,2110.0,61.97
2021,Jauru (MT),0.0,0.0,0.0,0.0
2021,Juara (MT),180000.0,455400.0,60000.0,71.92
2021,Juruena (MT),1247.0,3118.0,378.0,12.84
2021,Juscimeira (MT),123192.0,328036.0,35400.0,70.73
2021,Juína (MT),48578.0,122271.0,14204.0,58.85
2021,Lambari D'Oeste (MT),6287.0,15718.0,1849.0,14.96
2021,Lucas do Rio Verde (MT),775500.0,1937975.0,235000.0,51.05
2021,Luciara (MT),1856.0,5100.0,600.0,70.59
2021,Marcelândia (MT),256000.0,647680.0,80000.0,70.03
2021,Matupá (MT),144585.0,374764.0,45000.0,53.82
2021,Mirassol d'Oeste (MT),7545.0,18863.0,2219.0,23.85
2021,Nobres (MT),153397.0,326736.0,45654.0,64.96
2021,Nortelândia (MT),89040.0,222511.0,28000.0,53.51
2021,Nossa Senhora do Livramento (MT),9243.0,19688.0,2988.0,73.52
2021,Nova Bandeirantes (MT),765.0,1913.0,255.0,11.05
2021,Nova Brasilândia (MT),17057.0,42643.0,5776.0,61.7
2021,Nova Canaã do Norte (MT),180935.0,449475.0,51933.0,69.36
2021,Nova Guarita (MT),43500.0,108750.0,12500.0,64.22
2021,Nova Lacerda (MT),111605.0,286490.0,31527.0,73.77
2021,Nova Marilândia (MT),18869.0,46550.0,5718.0,71.97
2021,Nova Maringá (MT),648000.0,1586952.0,200000.0,64.56
2021,Nova Monte Verde (MT),27691.0,68936.0,7692.0,67.97
2021,Nova Mutum (MT),1337280.0,3298628.0,398000.0,55.95
2021,Nova Nazaré (MT),55680.0,129178.0,16000.0,81.55
2021,Nova Olímpia (MT),11072.0,27680.0,3200.0,13.71
2021,Nova Santa Helena (MT),102400.0,260301.0,32000.0,60.23
2021,Nova Ubiratã (MT),1301915.0,3223685.0,382677.0,51.58
2021,Nova Xavantina (MT),211770.0,465894.0,65000.0,84.05
2021,Novo Horizonte do Norte (MT),18162.0,45405.0,6000.0,59.81
2021,Novo Mundo (MT),163200.0,412896.0,51000.0,66.26
2021,Novo Santo Antônio (MT),3768.0,8440.0,1200.0,57.61
2021,Novo São Joaquim (MT),257400.0,643500.0,78000.0,59.9
2021,Paranatinga (MT),742560.0,1897241.0,238000.0,68.54
2021,Paranaíta (MT),52156.0,130390.0,15805.0,71.64
2021,Pedra Preta (MT),229555.0,608321.0,65964.0,60.51
2021,Peixoto de Azevedo (MT),121600.0,307648.0,38000.0,64.28
2021,Planalto da Serra (MT),118734.0,303365.0,36500.0,83.26
2021,Poconé (MT),30000.0,54990.0,9520.0,91.74
2021,Pontal do Araguaia (MT),7277.0,18193.0,2205.0,81.16
2021,Ponte Branca (MT),0.0,0.0,0.0,0.0
2021,Pontes e Lacerda (MT),112215.0,288056.0,31171.0,66.06
2021,Porto Alegre do Norte (MT),144000.0,381600.0,40000.0,58.75
2021,Porto Esperidião (MT),8906.0,17812.0,2474.0,61.4
2021,Porto Estrela (MT),264.0,660.0,80.0,4.11
2021,Porto dos Gaúchos (MT),588770.0,1503483.0,182000.0,57.7
2021,Poxoréu (MT),224460.0,579578.0,64500.0,60.23
2021,Primavera do Leste (MT),939600.0,2426564.0,270000.0,57.2
2021,Querência (MT),1298304.0,3115930.0,368000.0,57.17
2021,Reserva do Cabaçal (MT),0.0,0.0,0.0,0.0
2021,Ribeirão Cascalheira (MT),315000.0,705600.0,90000.0,73.05
2021,Ribeirãozinho (MT),67284.0,178303.0,17800.0,50.92
2021,Rio Branco (MT),214.0,503.0,67.0,9.97
2021,Rondolândia (MT),87.0,217.0,29.0,8.12
2021,Rondonópolis (MT),290700.0,770355.0,85000.0,71.07
2021,Rosário Oeste (MT),125200.0,262920.0,36400.0,80.6
2021,Salto do Céu (MT),7389.0,19704.0,2309.0,71.64
2021,Santa Carmem (MT),392040.0,977783.0,121000.0,56.45
2021,Santa Cruz do Xingu (MT),134820.0,357273.0,38000.0,67.68
2021,Santa Rita do Trivelato (MT),546960.0,1340057.0,172000.0,59.62
2021,Santa Terezinha (MT),108000.0,278964.0,30000.0,65.49
2021,Santo Afonso (MT),52579.0,130554.0,15374.0,64.53
2021,Santo Antônio do Leste (MT),348000.0,898731.0,100000.0,51.84
2021,Santo Antônio do Leverger (MT),134865.0,344648.0,37000.0,71.09
2021,Sapezal (MT),1319731.0,3299328.0,366592.0,50.01
2021,Serra Nova Dourada (MT),21038.0,47125.0,6700.0,92.8
2021,Sinop (MT),574200.0,1421874.0,166000.0,55.88
2021,Sorriso (MT),2010960.0,4984707.0,605000.0,49.38
2021,São Félix do Araguaia (MT),724826.0,1623610.0,226508.0,67.35
2021,São José do Povo (MT),0.0,0.0,0.0,0.0
2021,São José do Rio Claro (MT),405000.0,1004420.0,125000.0,57.98
2021,São José do Xingu (MT),421000.0,1087443.0,117000.0,66.0
2021,São José dos Quatro Marcos (MT),8486.0,19518.0,2496.0,76.03
2021,São Pedro da Cipa (MT),7172.0,19100.0,2200.0,60.37
2021,Tabaporã (MT),604260.0,1505097.0,186500.0,57.76
2021,Tangará da Serra (MT),713811.0,1820218.0,205111.0,67.39
2021,Tapurah (MT),572400.0,1401808.0,180000.0,55.87
2021,Terra Nova do Norte (MT),107040.0,271668.0,33450.0,59.93
2021,Tesouro (MT),95760.0,253764.0,28000.0,69.28
2021,Torixoréu (MT),67650.0,169125.0,20500.0,81.14
2021,União do Sul (MT),205400.0,519662.0,65000.0,60.06
2021,Vale de São Domingos (MT),0.0,0.0,0.0,0.0
2021,Vera (MT),508200.0,1260245.0,155000.0,53.35
2021,Vila Bela da Santíssima Trindade (MT),134025.0,344042.0,38513.0,64.44
2021,Vila Rica (MT),180000.0,464940.0,45000.0,64.02
2021,Várzea Grande (MT),0.0,0.0,0.0,0.0
2021,Água Boa (MT),609000.0,1412880.0,175000.0,79.6
